N,theta,brute_force_ms,barnes_hut_ms,speedup,avg_rel_error_pct
5000,0.5,0,75,0,1.3831e+11
5000,1,0,17,0,1.38666e+11
10000,0.5,0,182,0,2.80061e+11
10000,1,0,40,0,2.8049e+11
25000,0.5,0,558,0,6.75191e+11
25000,1,0,120,0,6.76934e+11
50000,0.5,0,1441,0,1.35196e+12
50000,1,0,346,0,1.3558e+12
500000,0.5,4,28391,0.00014089,1.31929e+13
500000,1,4,4710,0.000849257,1.32258e+13
1000000,0.5,6,67745,8.85674e-05,2.63331e+13
1000000,1,6,10803,0.000555401,2.64076e+13
