N,theta,brute_force_ms,barnes_hut_ms,speedup,avg_rel_error_pct
5000,0.5,0,77,0,1.3831e+11
5000,1,0,18,0,1.38666e+11
50000,0.5,0,1366,0,1.35196e+12
50000,1,0,261,0,1.3558e+12
500000,0.5,4,28457,0.000140563,1.31929e+13
500000,1,4,4662,0.000858001,1.32258e+13
5000000,0.5,46,475176,9.68062e-05,1.31175e+14
5000000,1,46,73314,0.000627438,1.31554e+14
