N,theta,brute_force_ms,barnes_hut_ms,speedup,avg_rel_error_pct
5000,0.25,4,2,2,2.48553
5000,0.5,4,1,4,2.65344
5000,1,4,0,0,3.83929
50000,0.25,102,10,10.2,0.0829176
50000,0.5,102,4,25.5,0.181558
50000,1,102,3,34,1.16211
500000,0.25,7573,120,63.1083,0.0149049
500000,0.5,7573,44,172.114,0.0674969
500000,1,7573,28,270.464,1.03277
5000000,0.25,794463,2014,394.47,0.0472449
5000000,0.5,794463,599,1326.32,0.0624095
5000000,1,794463,340,2336.66,1.08003
