N,theta,brute_force_ms,barnes_hut_ms,speedup,avg_rel_error_pct
2000000,0.25,189905,2486,76.3898,0.00993214
2000000,0.5,189905,607,312.858,0.0460035
2000000,1,189905,219,867.146,1.06822
5000000,0.25,1192712,7051,169.155,0.046762
5000000,0.5,1192712,1665,716.344,0.0619275
5000000,1,1192712,583,2045.82,1.07956
